"Domain","Function","Process_Id","Thread_Id","Correlation_Id","Start_Timestamp","End_Timestamp"
"HIP_RUNTIME_API_EXT","hipRuntimeGetVersion",1725729,1725729,1,768618522755935,768618605298368
"HIP_RUNTIME_API_EXT","hipDeviceGet",1725729,1725729,2,768618605305862,768618605307014
"HIP_RUNTIME_API_EXT","hipGetDeviceCount",1725729,1725729,3,768618605310451,768618605313717
"HIP_RUNTIME_API_EXT","hipDeviceGet",1725729,1725729,4,768619743224914,768619743226757
"HIP_RUNTIME_API_EXT","hipDeviceComputeCapability",1725729,1725729,5,768619743235985,768619743237337
"HIP_RUNTIME_API_EXT","hipDeviceGetName",1725729,1725729,6,768619743240453,768619743241986
"HIP_RUNTIME_API_EXT","hipDeviceGetAttribute",1725729,1725729,7,768619743245202,768619743250142
"HIP_RUNTIME_API_EXT","hipGetDevicePropertiesR0600",1725729,1725729,8,768619743253147,768619743254300
"HIP_RUNTIME_API_EXT","hipHostMalloc",1725729,1725729,9,768619743261503,768619743606828
"HIP_RUNTIME_API_EXT","hipEventCreate",1725729,1725729,10,768619743615494,768619743617388
"HIP_RUNTIME_API_EXT","hipEventCreate",1725729,1725729,11,768619743618029,768619743618480
"HIP_RUNTIME_API_EXT","hipStreamCreate",1725729,1725729,12,768619743626545,768619994886337
"HIP_RUNTIME_API_EXT","hipModuleLoadData",1725729,1725729,13,768619994912998,768620000230343
"HIP_RUNTIME_API_EXT","hipPointerGetAttributes",1725729,1725729,14,768620000236885,768620000239630
"HIP_RUNTIME_API_EXT","hipModuleGetGlobal",1725729,1725729,15,768620000243307,768620000246393
"HIP_RUNTIME_API_EXT","hipModuleGetGlobal",1725729,1725729,16,768620000248457,768620000253156
"HIP_RUNTIME_API_EXT","hipModuleGetGlobal",1725729,1725729,17,768620000262183,768620000263255
"HIP_RUNTIME_API_EXT","hipModuleGetGlobal",1725729,1725729,18,768620000264247,768620000265129
"HIP_RUNTIME_API_EXT","hipModuleGetGlobal",1725729,1725729,19,768620000265830,768620000267032
"HIP_RUNTIME_API_EXT","hipModuleGetGlobal",1725729,1725729,20,768620000267814,768620000268775
"HIP_RUNTIME_API_EXT","hipModuleGetGlobal",1725729,1725729,21,768620000269587,768620000270759
"HIP_RUNTIME_API_EXT","hipModuleGetGlobal",1725729,1725729,22,768620000271581,768620000272482
"HIP_RUNTIME_API_EXT","hipModuleGetGlobal",1725729,1725729,23,768620000273324,768620000274206
"HIP_RUNTIME_API_EXT","hipModuleGetGlobal",1725729,1725729,24,768620000274887,768620000275779
"HIP_RUNTIME_API_EXT","hipModuleGetGlobal",1725729,1725729,25,768620000278855,768620000279786
"HIP_RUNTIME_API_EXT","hipModuleGetGlobal",1725729,1725729,26,768620000280518,768620000281309
"HIP_RUNTIME_API_EXT","hipModuleGetGlobal",1725729,1725729,27,768620000281980,768620000282892
"HIP_RUNTIME_API_EXT","hipModuleGetGlobal",1725729,1725729,28,768620000283573,768620000284485
"HIP_RUNTIME_API_EXT","hipModuleGetGlobal",1725729,1725729,29,768620000285187,768620000286058
"HIP_RUNTIME_API_EXT","hipModuleGetGlobal",1725729,1725729,30,768620000286770,768620000287631
"HIP_RUNTIME_API_EXT","hipModuleGetGlobal",1725729,1725729,31,768620000288312,768620000289274
"HIP_RUNTIME_API_EXT","hipModuleGetGlobal",1725729,1725729,32,768620000289956,768620000290757
"HIP_RUNTIME_API_EXT","hipModuleGetGlobal",1725729,1725729,33,768620000291739,768620000292641
"HIP_RUNTIME_API_EXT","hipModuleGetGlobal",1725729,1725729,34,768620000293352,768620000294144
"HIP_RUNTIME_API_EXT","hipModuleGetGlobal",1725729,1725729,35,768620000294835,768620000295857
"HIP_RUNTIME_API_EXT","hipModuleGetGlobal",1725729,1725729,36,768620000296658,768620000297540
"HIP_RUNTIME_API_EXT","hipModuleGetGlobal",1725729,1725729,37,768620000298211,768620000299103
"HIP_RUNTIME_API_EXT","hipModuleGetGlobal",1725729,1725729,38,768620000299814,768620000300636
"HIP_RUNTIME_API_EXT","hipModuleGetGlobal",1725729,1725729,39,768620000301277,768620000302099
"HIP_RUNTIME_API_EXT","hipModuleGetGlobal",1725729,1725729,40,768620000302810,768620000303591
"HIP_RUNTIME_API_EXT","hipModuleGetGlobal",1725729,1725729,41,768620000304233,768620000305305
"HIP_RUNTIME_API_EXT","hipModuleGetGlobal",1725729,1725729,42,768620000306046,768620000307078
"HIP_RUNTIME_API_EXT","hipModuleGetGlobal",1725729,1725729,43,768620000307799,768620000308841
"HIP_RUNTIME_API_EXT","hipModuleGetGlobal",1725729,1725729,44,768620000309513,768620000310464
"HIP_RUNTIME_API_EXT","hipModuleGetGlobal",1725729,1725729,45,768620000311176,768620000312037
"HIP_RUNTIME_API_EXT","hipModuleGetGlobal",1725729,1725729,46,768620000312829,768620000313661
"HIP_RUNTIME_API_EXT","hipMalloc",1725729,1725729,47,768620000326254,768620000381519
"HIP_RUNTIME_API_EXT","hipMemcpyHtoD",1725729,1725729,48,768620000392891,768620003362788
"HIP_RUNTIME_API_EXT","hipMalloc",1725729,1725729,49,768620003369411,768620003412553
"HIP_RUNTIME_API_EXT","hipMemcpyHtoD",1725729,1725729,50,768620003415428,768620003436919
"HIP_RUNTIME_API_EXT","hipMalloc",1725729,1725729,51,768620003440786,768620003467587
"HIP_RUNTIME_API_EXT","hipMemcpyHtoD",1725729,1725729,52,768620003469430,768620003491723
"HIP_RUNTIME_API_EXT","hipMalloc",1725729,1725729,53,768620003494217,768620003532440
"HIP_RUNTIME_API_EXT","hipMemcpyHtoD",1725729,1725729,54,768620003534333,768620003555423
"HIP_RUNTIME_API_EXT","hipMalloc",1725729,1725729,55,768620003560844,768620003588546
"HIP_RUNTIME_API_EXT","hipMemcpyHtoD",1725729,1725729,56,768620003590660,768620003614345
"HIP_RUNTIME_API_EXT","hipMalloc",1725729,1725729,57,768620003619294,768620003623232
"HIP_RUNTIME_API_EXT","hipMemcpyHtoD",1725729,1725729,58,768620003624234,768620003644051
"HIP_RUNTIME_API_EXT","hipMalloc",1725729,1725729,59,768620003646586,768620003649442
"HIP_RUNTIME_API_EXT","hipMemcpyHtoD",1725729,1725729,60,768620003650393,768620003671083
"HIP_RUNTIME_API_EXT","hipMalloc",1725729,1725729,61,768620003674699,768620003677645
"HIP_RUNTIME_API_EXT","hipMemcpyHtoD",1725729,1725729,62,768620003678637,768620003698474
"HIP_RUNTIME_API_EXT","hipMalloc",1725729,1725729,63,768620003706610,768620003709936
"HIP_RUNTIME_API_EXT","hipMemcpyHtoD",1725729,1725729,64,768620003710958,768620003729884
"HIP_RUNTIME_API_EXT","hipMalloc",1725729,1725729,65,768620003733210,768620003735925
"HIP_RUNTIME_API_EXT","hipMemcpyHtoD",1725729,1725729,66,768620003736767,768620003754130
"HIP_RUNTIME_API_EXT","hipMalloc",1725729,1725729,67,768620003756524,768620003759039
"HIP_RUNTIME_API_EXT","hipMemcpyHtoD",1725729,1725729,68,768620003759871,768620003775130
"HIP_RUNTIME_API_EXT","hipMalloc",1725729,1725729,69,768620003778186,768620003780780
"HIP_RUNTIME_API_EXT","hipMemcpyHtoD",1725729,1725729,70,768620003781652,768620003801199
"HIP_RUNTIME_API_EXT","hipMalloc",1725729,1725729,71,768620003805497,768620003808102
"HIP_RUNTIME_API_EXT","hipMemcpyHtoD",1725729,1725729,72,768620003809174,768620003826928
"HIP_RUNTIME_API_EXT","hipMalloc",1725729,1725729,73,768620003829914,768620003832318
"HIP_RUNTIME_API_EXT","hipMemcpyHtoD",1725729,1725729,74,768620003833280,768620003850833
"HIP_RUNTIME_API_EXT","hipMalloc",1725729,1725729,75,768620003853178,768620003855482
"HIP_RUNTIME_API_EXT","hipMemcpyHtoD",1725729,1725729,76,768620003856504,768620003873656
"HIP_RUNTIME_API_EXT","hipMalloc",1725729,1725729,77,768620003876261,768620003878536
"HIP_RUNTIME_API_EXT","hipMemcpyHtoD",1725729,1725729,78,768620003879387,768620003897191
"HIP_RUNTIME_API_EXT","hipMalloc",1725729,1725729,79,768620003910977,768620003913602
"HIP_RUNTIME_API_EXT","hipMemcpyHtoD",1725729,1725729,80,768620003914554,768620003933169
"HIP_RUNTIME_API_EXT","hipMalloc",1725729,1725729,81,768620003936015,768620003938299
"HIP_RUNTIME_API_EXT","hipMemcpyHtoD",1725729,1725729,82,768620003939221,768620003955912
"HIP_RUNTIME_API_EXT","hipMalloc",1725729,1725729,83,768620003959168,768620003961483
"HIP_RUNTIME_API_EXT","hipMemcpyHtoD",1725729,1725729,84,768620003962375,768620003978575
"HIP_RUNTIME_API_EXT","hipMemcpyHtoD",1725729,1725729,85,768620003986410,768620005988413
"HIP_RUNTIME_API_EXT","hipMemcpyHtoD",1725729,1725729,86,768620005992792,768620006023700
"HIP_RUNTIME_API_EXT","hipMemcpyHtoD",1725729,1725729,87,768620006025463,768620006048447
"HIP_RUNTIME_API_EXT","hipMemcpyHtoD",1725729,1725729,88,768620006049579,768620006072112
"HIP_RUNTIME_API_EXT","hipMemcpyHtoD",1725729,1725729,89,768620006073414,768620036648549
"HIP_RUNTIME_API_EXT","hipMemcpyHtoD",1725729,1725729,90,768620036652486,768620036682693
"HIP_RUNTIME_API_EXT","hipMemcpyHtoD",1725729,1725729,91,768620036684737,768620036704044
"HIP_RUNTIME_API_EXT","hipMemcpyHtoD",1725729,1725729,92,768620036705567,768620036724102
"HIP_RUNTIME_API_EXT","hipMemcpyHtoD",1725729,1725729,93,768620036725865,768620036745412
"HIP_RUNTIME_API_EXT","hipMemcpyHtoD",1725729,1725729,94,768620036747015,768620036773616
"HIP_RUNTIME_API_EXT","hipMemcpyHtoD",1725729,1725729,95,768620036778405,768620036803202
"HIP_RUNTIME_API_EXT","hipMemcpyHtoD",1725729,1725729,96,768620036805156,768620036831556
"HIP_RUNTIME_API_EXT","hipMemcpyHtoD",1725729,1725729,97,768620036833038,768620036859198
"HIP_RUNTIME_API_EXT","hipMemcpyHtoD",1725729,1725729,98,768620036860420,768620036886540
"HIP_RUNTIME_API_EXT","hipMemcpyHtoD",1725729,1725729,99,768620036887792,768620036909603
"HIP_RUNTIME_API_EXT","hipMemcpyHtoD",1725729,1725729,100,768620036913070,768620036932727
"HIP_RUNTIME_API_EXT","hipMemcpyHtoD",1725729,1725729,101,768620036935663,768620036953156
"HIP_RUNTIME_API_EXT","hipMemcpyHtoD",1725729,1725729,102,768620036954749,768620036971992
"HIP_RUNTIME_API_EXT","hipMemcpyHtoD",1725729,1725729,103,768620036973695,768620036992260
"HIP_RUNTIME_API_EXT","hipMemcpyHtoD",1725729,1725729,104,768620036993673,768620037012448
"HIP_RUNTIME_API_EXT","hipMemcpyHtoD",1725729,1725729,105,768620037018650,768620037034350
"HIP_RUNTIME_API_EXT","hipMemcpyHtoD",1725729,1725729,106,768620037035632,768620037053095
"HIP_RUNTIME_API_EXT","hipMemcpyHtoD",1725729,1725729,107,768620037054718,768620037070558
"HIP_RUNTIME_API_EXT","hipMemcpyHtoD",1725729,1725729,108,768620037071841,768620037088723
"HIP_RUNTIME_API_EXT","hipMemcpyHtoD",1725729,1725729,109,768620037090466,768620037106977
"HIP_RUNTIME_API_EXT","hipMemcpyHtoD",1725729,1725729,110,768620037108601,768620037126394
"HIP_RUNTIME_API_EXT","hipMemcpyHtoD",1725729,1725729,111,768620037128258,768620037144418
"HIP_RUNTIME_API_EXT","hipMemcpyHtoD",1725729,1725729,112,768620037146282,768620037163424
"HIP_RUNTIME_API_EXT","hipMalloc",1725729,1725729,113,768620932297973,768620932654319
"HIP_RUNTIME_API_EXT","hipMalloc",1725729,1725729,114,768620932660420,768620932685788
"HIP_RUNTIME_API_EXT","hipMalloc",1725729,1725729,115,768620932688012,768620932726014
"HIP_RUNTIME_API_EXT","hipMalloc",1725729,1725729,116,768620932728179,768620932749729
"HIP_RUNTIME_API_EXT","hipMalloc",1725729,1725729,117,768620932751593,768620932777793
"HIP_RUNTIME_API_EXT","hipMalloc",1725729,1725729,118,768620932782632,768620932803030
"HIP_RUNTIME_API_EXT","hipMemcpyHtoD",1725729,1725729,119,768620932807739,768620960311785
"HIP_RUNTIME_API_EXT","hipMemcpyHtoD",1725729,1725729,120,768620960315382,768620987505040
"HIP_RUNTIME_API_EXT","hipMemcpyHtoD",1725729,1725729,121,768620987508267,768621014607986
"HIP_RUNTIME_API_EXT","hipMemcpyHtoD",1725729,1725729,122,768621014611322,768621041829876
"HIP_RUNTIME_API_EXT","hipMemcpyHtoD",1725729,1725729,123,768621041833313,768621068960875
"HIP_RUNTIME_API_EXT","hipMemcpyHtoD",1725729,1725729,124,768621068964061,768621096044023
"HIP_RUNTIME_API_EXT","hipModuleGetFunction",1725729,1725729,125,768621096067407,768621096074801
"HIP_RUNTIME_API_EXT","hipFuncGetAttribute",1725729,1725729,126,768621096078488,768621096080602
"HIP_RUNTIME_API_EXT","hipFuncGetAttribute",1725729,1725729,127,768621096081203,768621096081363
"HIP_RUNTIME_API_EXT","hipFuncSetCacheConfig",1725729,1725729,128,768621096084119,768621096084509
"HIP_RUNTIME_API_EXT","hipModuleOccupancyMaxPotentialBlockSize",1725729,1725729,129,768621096087665,768621096088347
"HIP_RUNTIME_API_EXT","hipModuleGetGlobal",1725729,1725729,130,768621096090030,768621096091773
"HIP_RUNTIME_API_EXT","hipModuleGetGlobal",1725729,1725729,131,768621096093687,768621096094438
"HIP_RUNTIME_API_EXT","hipModuleLaunchKernel",1725729,1725729,132,768621096101371,768621096117592
"HIP_RUNTIME_API_EXT","hipStreamSynchronize",1725729,1725729,133,768621096125227,768621097752059
"HIP_RUNTIME_API_EXT","hipEventCreate",1725729,1725729,134,768621097756127,768621097757179
"HIP_RUNTIME_API_EXT","hipEventCreate",1725729,1725729,135,768621097757890,768621097758481
"HIP_RUNTIME_API_EXT","hipEventCreate",1725729,1725729,136,768621097759063,768621097759463
"HIP_RUNTIME_API_EXT","hipEventCreate",1725729,1725729,137,768621097759874,768621097760135
"HIP_RUNTIME_API_EXT","hipEventCreate",1725729,1725729,138,768621097760676,768621097760976
"HIP_RUNTIME_API_EXT","hipEventCreate",1725729,1725729,139,768621097761387,768621097761808
"HIP_RUNTIME_API_EXT","hipEventCreate",1725729,1725729,140,768621097762289,768621097762639
"HIP_RUNTIME_API_EXT","hipEventCreate",1725729,1725729,141,768621097768160,768621097768420
"HIP_RUNTIME_API_EXT","hipEventCreate",1725729,1725729,142,768621097768891,768621097769142
"HIP_RUNTIME_API_EXT","hipEventCreate",1725729,1725729,143,768621097769633,768621097770164
"HIP_RUNTIME_API_EXT","hipEventCreate",1725729,1725729,144,768621097770644,768621097770955
"HIP_RUNTIME_API_EXT","hipEventCreate",1725729,1725729,145,768621097771446,768621097772488
"HIP_RUNTIME_API_EXT","hipEventCreate",1725729,1725729,146,768621097772899,768621097773059
"HIP_RUNTIME_API_EXT","hipEventCreate",1725729,1725729,147,768621097773430,768621097773550
"HIP_RUNTIME_API_EXT","hipEventCreate",1725729,1725729,148,768621097773921,768621097774041
"HIP_RUNTIME_API_EXT","hipEventCreate",1725729,1725729,149,768621097774422,768621097774542
"HIP_RUNTIME_API_EXT","hipEventCreate",1725729,1725729,150,768621097774913,768621097775033
"HIP_RUNTIME_API_EXT","hipEventCreate",1725729,1725729,151,768621097775494,768621097776055
"HIP_RUNTIME_API_EXT","hipEventCreate",1725729,1725729,152,768621097776435,768621097776546
"HIP_RUNTIME_API_EXT","hipEventCreate",1725729,1725729,153,768621097776926,768621097777047
"HIP_RUNTIME_API_EXT","hipEventCreate",1725729,1725729,154,768621097777407,768621097777608
"HIP_RUNTIME_API_EXT","hipEventCreate",1725729,1725729,155,768621097777988,768621097778199
"HIP_RUNTIME_API_EXT","hipEventCreate",1725729,1725729,156,768621097778580,768621097778800
"HIP_RUNTIME_API_EXT","hipEventCreate",1725729,1725729,157,768621097779181,768621097779341
"HIP_RUNTIME_API_EXT","hipEventCreate",1725729,1725729,158,768621097779722,768621097779862
"HIP_RUNTIME_API_EXT","hipEventCreate",1725729,1725729,159,768621097780313,768621097780684
"HIP_RUNTIME_API_EXT","hipEventCreate",1725729,1725729,160,768621097781064,768621097781184
"HIP_RUNTIME_API_EXT","hipEventCreate",1725729,1725729,161,768621097781555,768621097782116
"HIP_RUNTIME_API_EXT","hipEventCreate",1725729,1725729,162,768621097782507,768621097782667
"HIP_RUNTIME_API_EXT","hipEventCreate",1725729,1725729,163,768621097783028,768621097783198
"HIP_RUNTIME_API_EXT","hipEventCreate",1725729,1725729,164,768621097784631,768621097784801
"HIP_RUNTIME_API_EXT","hipEventCreate",1725729,1725729,165,768621097785192,768621097785362
"HIP_RUNTIME_API_EXT","hipModuleGetFunction",1725729,1725729,166,768621097800401,768621097802405
"HIP_RUNTIME_API_EXT","hipFuncGetAttribute",1725729,1725729,167,768621097802976,768621097803587
"HIP_RUNTIME_API_EXT","hipFuncGetAttribute",1725729,1725729,168,768621097803968,768621097804068
"HIP_RUNTIME_API_EXT","hipFuncSetCacheConfig",1725729,1725729,169,768621097804519,768621097804619
"HIP_RUNTIME_API_EXT","hipModuleOccupancyMaxPotentialBlockSize",1725729,1725729,170,768621097805140,768621097805410
"HIP_RUNTIME_API_EXT","hipModuleLaunchKernel",1725729,1725729,171,768621097806302,768621097813075
"HIP_RUNTIME_API_EXT","hipStreamSynchronize",1725729,1725729,172,768621097814658,768621100280140
"HIP_RUNTIME_API_EXT","hipModuleGetFunction",1725729,1725729,173,768621100283516,768621100285790
"HIP_RUNTIME_API_EXT","hipFuncGetAttribute",1725729,1725729,174,768621100286372,768621100286742
"HIP_RUNTIME_API_EXT","hipFuncGetAttribute",1725729,1725729,175,768621100287253,768621100287333
"HIP_RUNTIME_API_EXT","hipFuncSetCacheConfig",1725729,1725729,176,768621100287744,768621100287814
"HIP_RUNTIME_API_EXT","hipModuleOccupancyMaxPotentialBlockSize",1725729,1725729,177,768621100288355,768621100288596
"HIP_RUNTIME_API_EXT","hipModuleLaunchKernel",1725729,1725729,178,768621100289467,768621100296641
"HIP_RUNTIME_API_EXT","hipStreamSynchronize",1725729,1725729,179,768621100298014,768621107572127
"HIP_RUNTIME_API_EXT","hipModuleGetFunction",1725729,1725729,180,768621107577677,768621107579581
"HIP_RUNTIME_API_EXT","hipFuncGetAttribute",1725729,1725729,181,768621107580112,768621107580302
"HIP_RUNTIME_API_EXT","hipFuncGetAttribute",1725729,1725729,182,768621107580793,768621107580943
"HIP_RUNTIME_API_EXT","hipFuncSetCacheConfig",1725729,1725729,183,768621107581404,768621107581474
"HIP_RUNTIME_API_EXT","hipModuleOccupancyMaxPotentialBlockSize",1725729,1725729,184,768621107582025,768621107582236
"HIP_RUNTIME_API_EXT","hipModuleLaunchKernel",1725729,1725729,185,768621107582947,768621107588888
"HIP_RUNTIME_API_EXT","hipStreamSynchronize",1725729,1725729,186,768621107589970,768621109526590
"HIP_RUNTIME_API_EXT","hipModuleGetFunction",1725729,1725729,187,768621109530076,768621109532040
"HIP_RUNTIME_API_EXT","hipFuncGetAttribute",1725729,1725729,188,768621109534164,768621109534585
"HIP_RUNTIME_API_EXT","hipFuncGetAttribute",1725729,1725729,189,768621109535196,768621109535276
"HIP_RUNTIME_API_EXT","hipFuncSetCacheConfig",1725729,1725729,190,768621109535807,768621109535877
"HIP_RUNTIME_API_EXT","hipModuleOccupancyMaxPotentialBlockSize",1725729,1725729,191,768621109536398,768621109536589
"HIP_RUNTIME_API_EXT","hipModuleLaunchKernel",1725729,1725729,192,768621109537290,768621109542941
"HIP_RUNTIME_API_EXT","hipStreamSynchronize",1725729,1725729,193,768621109544213,768621111865842
"HIP_RUNTIME_API_EXT","hipModuleGetFunction",1725729,1725729,194,768621111871212,768621111873687
"HIP_RUNTIME_API_EXT","hipFuncGetAttribute",1725729,1725729,195,768621111874188,768621111874458
"HIP_RUNTIME_API_EXT","hipFuncGetAttribute",1725729,1725729,196,768621111874849,768621111874929
"HIP_RUNTIME_API_EXT","hipFuncSetCacheConfig",1725729,1725729,197,768621111875330,768621111875410
"HIP_RUNTIME_API_EXT","hipModuleOccupancyMaxPotentialBlockSize",1725729,1725729,198,768621111875941,768621111876132
"HIP_RUNTIME_API_EXT","hipModuleLaunchKernel",1725729,1725729,199,768621111876953,768621111882263
"HIP_RUNTIME_API_EXT","hipStreamSynchronize",1725729,1725729,200,768621111883245,768621119292304
"HIP_RUNTIME_API_EXT","hipModuleGetFunction",1725729,1725729,201,768621119300449,768621119302533
"HIP_RUNTIME_API_EXT","hipFuncGetAttribute",1725729,1725729,202,768621119303335,768621119304006
"HIP_RUNTIME_API_EXT","hipFuncGetAttribute",1725729,1725729,203,768621119304597,768621119304687
"HIP_RUNTIME_API_EXT","hipFuncSetCacheConfig",1725729,1725729,204,768621119305208,768621119305278
"HIP_RUNTIME_API_EXT","hipModuleOccupancyMaxPotentialBlockSize",1725729,1725729,205,768621119305789,768621119305990
"HIP_RUNTIME_API_EXT","hipModuleLaunchKernel",1725729,1725729,206,768621119306741,768621119312131
"HIP_RUNTIME_API_EXT","hipStreamSynchronize",1725729,1725729,207,768621119313374,768621123320958
"HIP_RUNTIME_API_EXT","hipModuleOccupancyMaxPotentialBlockSize",1725729,1725729,208,768621123325136,768621123325406
"HIP_RUNTIME_API_EXT","hipModuleLaunchKernel",1725729,1725729,209,768621123326618,768621123332850
"HIP_RUNTIME_API_EXT","hipStreamSynchronize",1725729,1725729,210,768621123334012,768621126996923
"HIP_RUNTIME_API_EXT","hipModuleOccupancyMaxPotentialBlockSize",1725729,1725729,211,768621127002824,768621127002974
"HIP_RUNTIME_API_EXT","hipModuleLaunchKernel",1725729,1725729,212,768621127003685,768621127009747
"HIP_RUNTIME_API_EXT","hipStreamSynchronize",1725729,1725729,213,768621127010779,768621130682426
"HIP_RUNTIME_API_EXT","hipModuleOccupancyMaxPotentialBlockSize",1725729,1725729,214,768621130686203,768621130686344
"HIP_RUNTIME_API_EXT","hipModuleLaunchKernel",1725729,1725729,215,768621130687346,768621130692325
"HIP_RUNTIME_API_EXT","hipStreamSynchronize",1725729,1725729,216,768621130693347,768621134375263
"HIP_RUNTIME_API_EXT","hipModuleOccupancyMaxPotentialBlockSize",1725729,1725729,217,768621134379371,768621134379551
"HIP_RUNTIME_API_EXT","hipModuleLaunchKernel",1725729,1725729,218,768621134380463,768621134385092
"HIP_RUNTIME_API_EXT","hipStreamSynchronize",1725729,1725729,219,768621134385903,768621138066177
"HIP_RUNTIME_API_EXT","hipModuleOccupancyMaxPotentialBlockSize",1725729,1725729,220,768621138074232,768621138074372
"HIP_RUNTIME_API_EXT","hipModuleLaunchKernel",1725729,1725729,221,768621138075134,768621138079552
"HIP_RUNTIME_API_EXT","hipStreamSynchronize",1725729,1725729,222,768621138080474,768621141779814
"HIP_RUNTIME_API_EXT","hipModuleOccupancyMaxPotentialBlockSize",1725729,1725729,223,768621141783671,768621141783821
"HIP_RUNTIME_API_EXT","hipModuleLaunchKernel",1725729,1725729,224,768621141784753,768621141790223
"HIP_RUNTIME_API_EXT","hipStreamSynchronize",1725729,1725729,225,768621141791115,768621145479894
"HIP_RUNTIME_API_EXT","hipModuleOccupancyMaxPotentialBlockSize",1725729,1725729,226,768621145483902,768621145484052
"HIP_RUNTIME_API_EXT","hipModuleLaunchKernel",1725729,1725729,227,768621145485034,768621145489843
"HIP_RUNTIME_API_EXT","hipStreamSynchronize",1725729,1725729,228,768621145490715,768621149160228
"HIP_RUNTIME_API_EXT","hipModuleOccupancyMaxPotentialBlockSize",1725729,1725729,229,768621149164326,768621149164466
"HIP_RUNTIME_API_EXT","hipModuleLaunchKernel",1725729,1725729,230,768621149165398,768621149170247
"HIP_RUNTIME_API_EXT","hipStreamSynchronize",1725729,1725729,231,768621149171209,768621152849870
"HIP_RUNTIME_API_EXT","hipModuleOccupancyMaxPotentialBlockSize",1725729,1725729,232,768621152854238,768621152854368
"HIP_RUNTIME_API_EXT","hipModuleLaunchKernel",1725729,1725729,233,768621152855180,768621152860209
"HIP_RUNTIME_API_EXT","hipStreamSynchronize",1725729,1725729,234,768621152862774,768621156545141
"HIP_RUNTIME_API_EXT","hipModuleOccupancyMaxPotentialBlockSize",1725729,1725729,235,768621156549660,768621156549810
"HIP_RUNTIME_API_EXT","hipModuleLaunchKernel",1725729,1725729,236,768621156550502,768621156555341
"HIP_RUNTIME_API_EXT","hipStreamSynchronize",1725729,1725729,237,768621156556212,768621160240093
"HIP_RUNTIME_API_EXT","hipModuleOccupancyMaxPotentialBlockSize",1725729,1725729,238,768621160243690,768621160243900
"HIP_RUNTIME_API_EXT","hipModuleLaunchKernel",1725729,1725729,239,768621160245133,768621160254841
"HIP_RUNTIME_API_EXT","hipStreamSynchronize",1725729,1725729,240,768621160255853,768621163950152
"HIP_RUNTIME_API_EXT","hipModuleOccupancyMaxPotentialBlockSize",1725729,1725729,241,768621163954020,768621163954160
"HIP_RUNTIME_API_EXT","hipModuleLaunchKernel",1725729,1725729,242,768621163955252,768621163960151
"HIP_RUNTIME_API_EXT","hipStreamSynchronize",1725729,1725729,243,768621163961043,768621167641638
"HIP_RUNTIME_API_EXT","hipModuleOccupancyMaxPotentialBlockSize",1725729,1725729,244,768621167645595,768621167645835
"HIP_RUNTIME_API_EXT","hipModuleLaunchKernel",1725729,1725729,245,768621167646677,768621167652167
"HIP_RUNTIME_API_EXT","hipStreamSynchronize",1725729,1725729,246,768621167652979,768621171341408
"HIP_RUNTIME_API_EXT","hipModuleOccupancyMaxPotentialBlockSize",1725729,1725729,247,768621171345786,768621171345946
"HIP_RUNTIME_API_EXT","hipModuleLaunchKernel",1725729,1725729,248,768621171346698,768621171351827
"HIP_RUNTIME_API_EXT","hipStreamSynchronize",1725729,1725729,249,768621171352699,768621175029867
"HIP_RUNTIME_API_EXT","hipModuleOccupancyMaxPotentialBlockSize",1725729,1725729,250,768621175033263,768621175033474
"HIP_RUNTIME_API_EXT","hipModuleLaunchKernel",1725729,1725729,251,768621175034816,768621175040026
"HIP_RUNTIME_API_EXT","hipStreamSynchronize",1725729,1725729,252,768621175040968,768621178717203
"HIP_RUNTIME_API_EXT","hipModuleOccupancyMaxPotentialBlockSize",1725729,1725729,253,768621178720980,768621178721091
"HIP_RUNTIME_API_EXT","hipModuleLaunchKernel",1725729,1725729,254,768621178721892,768621178726972
"HIP_RUNTIME_API_EXT","hipStreamSynchronize",1725729,1725729,255,768621178727854,768621182405161
"HIP_RUNTIME_API_EXT","hipModuleOccupancyMaxPotentialBlockSize",1725729,1725729,256,768621182409009,768621182409119
"HIP_RUNTIME_API_EXT","hipModuleLaunchKernel",1725729,1725729,257,768621182410211,768621182415050
"HIP_RUNTIME_API_EXT","hipStreamSynchronize",1725729,1725729,258,768621182417705,768621186095554
"HIP_RUNTIME_API_EXT","hipModuleOccupancyMaxPotentialBlockSize",1725729,1725729,259,768621186099722,768621186099872
"HIP_RUNTIME_API_EXT","hipModuleLaunchKernel",1725729,1725729,260,768621186100764,768621186105633
"HIP_RUNTIME_API_EXT","hipStreamSynchronize",1725729,1725729,261,768621186106565,768621189796036
"HIP_RUNTIME_API_EXT","hipModuleOccupancyMaxPotentialBlockSize",1725729,1725729,262,768621189799292,768621189799412
"HIP_RUNTIME_API_EXT","hipModuleLaunchKernel",1725729,1725729,263,768621189801195,768621189806245
"HIP_RUNTIME_API_EXT","hipStreamSynchronize",1725729,1725729,264,768621189807057,768621193481569
"HIP_RUNTIME_API_EXT","hipModuleOccupancyMaxPotentialBlockSize",1725729,1725729,265,768621193485406,768621193485537
"HIP_RUNTIME_API_EXT","hipModuleLaunchKernel",1725729,1725729,266,768621193486298,768621193490907
"HIP_RUNTIME_API_EXT","hipStreamSynchronize",1725729,1725729,267,768621193491718,768621197167543
"HIP_RUNTIME_API_EXT","hipModuleOccupancyMaxPotentialBlockSize",1725729,1725729,268,768621197171360,768621197171481
"HIP_RUNTIME_API_EXT","hipModuleLaunchKernel",1725729,1725729,269,768621197172493,768621197177622
"HIP_RUNTIME_API_EXT","hipStreamSynchronize",1725729,1725729,270,768621197178604,768621200877143
"HIP_RUNTIME_API_EXT","hipModuleOccupancyMaxPotentialBlockSize",1725729,1725729,271,768621200881040,768621200881160
"HIP_RUNTIME_API_EXT","hipModuleLaunchKernel",1725729,1725729,272,768621200882122,768621200887071
"HIP_RUNTIME_API_EXT","hipStreamSynchronize",1725729,1725729,273,768621200887963,768621204584127
"HIP_RUNTIME_API_EXT","hipModuleOccupancyMaxPotentialBlockSize",1725729,1725729,274,768621204587734,768621204587854
"HIP_RUNTIME_API_EXT","hipModuleLaunchKernel",1725729,1725729,275,768621204589317,768621204594236
"HIP_RUNTIME_API_EXT","hipStreamSynchronize",1725729,1725729,276,768621204595068,768621208267426
"HIP_RUNTIME_API_EXT","hipModuleOccupancyMaxPotentialBlockSize",1725729,1725729,277,768621208271554,768621208271674
"HIP_RUNTIME_API_EXT","hipModuleLaunchKernel",1725729,1725729,278,768621208272606,768621208277575
"HIP_RUNTIME_API_EXT","hipStreamSynchronize",1725729,1725729,279,768621208278527,768621211968850
"HIP_RUNTIME_API_EXT","hipStreamSynchronize",1725729,1725729,280,768621211976875,768621211977536
"HIP_RUNTIME_API_EXT","hipMemcpyDtoH",1725729,1725729,281,768621211984860,768621238690382
"HIP_RUNTIME_API_EXT","hipMemcpyDtoH",1725729,1725729,282,768621238695702,768621263274374
"HIP_RUNTIME_API_EXT","hipMemcpyDtoH",1725729,1725729,283,768621263276488,768621287824803
"HIP_RUNTIME_API_EXT","hipMemcpyDtoH",1725729,1725729,284,768621287826446,768621312408274
"HIP_RUNTIME_API_EXT","hipMemcpyDtoH",1725729,1725729,285,768621312409837,768621336959935
"HIP_RUNTIME_API_EXT","hipMemcpyDtoH",1725729,1725729,286,768621336961408,768621361499824
"HIP_RUNTIME_API_EXT","hipStreamSynchronize",1725729,1725729,287,768621512429889,768621512434858
"HIP_RUNTIME_API_EXT","hipStreamSynchronize",1725729,1725729,288,768621526308466,768621526313636
"HIP_RUNTIME_API_EXT","hipMemcpyHtoD",1725729,1725729,289,768621526324116,768621526515709
"HIP_RUNTIME_API_EXT","hipMemcpyHtoD",1725729,1725729,290,768621526519105,768621526538112
"HIP_RUNTIME_API_EXT","hipMemcpyHtoD",1725729,1725729,291,768621526541628,768621526559382
"HIP_RUNTIME_API_EXT","hipMemcpyHtoD",1725729,1725729,292,768621526562087,768621526578648
"HIP_RUNTIME_API_EXT","hipStreamSynchronize",1725729,1725729,293,768621526580832,768621526581293
"HIP_RUNTIME_API_EXT","hipMemcpyHtoD",1725729,1725729,294,768621526584179,768621526601922
"HIP_RUNTIME_API_EXT","hipMemcpyHtoD",1725729,1725729,295,768621526604808,768621526623383
"HIP_RUNTIME_API_EXT","hipMemcpyHtoD",1725729,1725729,296,768621526625798,768621526643972
"HIP_RUNTIME_API_EXT","hipMemcpyHtoD",1725729,1725729,297,768621526646196,768621526664611
"HIP_RUNTIME_API_EXT","hipStreamSynchronize",1725729,1725729,298,768621526666785,768621526667086
"HIP_RUNTIME_API_EXT","hipMemcpyHtoD",1725729,1725729,299,768621526669420,768621526684950
"HIP_RUNTIME_API_EXT","hipMemcpyHtoD",1725729,1725729,300,768621526687825,768621526704948
"HIP_RUNTIME_API_EXT","hipMemcpyHtoD",1725729,1725729,301,768621526707502,768621526722982
"HIP_RUNTIME_API_EXT","hipMemcpyHtoD",1725729,1725729,302,768621526725406,768621526740024
"HIP_RUNTIME_API_EXT","hipMemcpyHtoD",1725729,1725729,303,768621526742449,768621526759822
"HIP_RUNTIME_API_EXT","hipMemcpyHtoD",1725729,1725729,304,768621526771223,768621526790680
"HIP_RUNTIME_API_EXT","hipStreamSynchronize",1725729,1725729,305,768621526792614,768621526792934
"HIP_RUNTIME_API_EXT","hipMemcpyHtoD",1725729,1725729,306,768621526795038,768621526812481
"HIP_RUNTIME_API_EXT","hipMemcpyHtoD",1725729,1725729,307,768621526815337,768621526834172
"HIP_RUNTIME_API_EXT","hipMemcpyHtoD",1725729,1725729,308,768621526836196,768621526855743
"HIP_RUNTIME_API_EXT","hipMemcpyHtoD",1725729,1725729,309,768621526857897,768621526873637
"HIP_RUNTIME_API_EXT","hipMemcpyHtoD",1725729,1725729,310,768621526875942,768621526891882
